identificador,nombre,marca,descripcion,tipo,categorias,objetivos,sabor,tamano,unidad,sku,precio,stock,minimo,imagenes,porcion,calorias,proteina,carbohidratos,grasas
gold-standard-100-whey,Gold Standard 100% Whey,Gold Standard,"Proteína de suero de Optimum Nutrition con aislado como ingrediente principal. 24 g de proteína y 120 kcal por porción de 30,4 g, según la etiqueta del fabricante.",SUPPLEMENT,Proteína whey,Desarrollo Muscular|Recuperacion,Double Rich Chocolate,2,lb,GS-WHEY-CHOC-2LB,59.90,0,3,,"1 medida (30,4 g)",120,24,3,1
gold-standard-100-whey,Gold Standard 100% Whey,Gold Standard,"Proteína de suero de Optimum Nutrition con aislado como ingrediente principal. 24 g de proteína y 120 kcal por porción de 30,4 g, según la etiqueta del fabricante.",SUPPLEMENT,Proteína whey,Desarrollo Muscular|Recuperacion,Double Rich Chocolate,5,lb,GS-WHEY-CHOC-5LB,104.90,0,3,,"1 medida (30,4 g)",120,24,3,1
gold-standard-100-whey,Gold Standard 100% Whey,Gold Standard,"Proteína de suero de Optimum Nutrition con aislado como ingrediente principal. 24 g de proteína y 120 kcal por porción de 30,4 g, según la etiqueta del fabricante.",SUPPLEMENT,Proteína whey,Desarrollo Muscular|Recuperacion,Vanilla Ice Cream,5,lb,GS-WHEY-VAN-5LB,104.90,0,3,,"1 medida (30,4 g)",120,24,3,1
dragon-pharma-creatine-monohydrate,Creatine Monohydrate,Dragon Pharma,"Creatina monohidratada micronizada sin sabor: 5 g por porción y 60 porciones por envase de 300 g, según el fabricante.",SUPPLEMENT,Creatina,Desarrollo Muscular,Sin sabor,300,g,DP-CREATINE-300G,34.90,0,3,,1 medida (5 g),,,,
dragon-pharma-iso-phorm,Iso Phorm,Dragon Pharma,"Proteína de suero aislada e hidrolizada, sin azúcar añadida según el fabricante. 25 g de proteína y 110 kcal por porción de 30,4 g.",SUPPLEMENT,Proteína aislada,Desarrollo Muscular|Recuperacion,Hot Chocolate,2,lb,DP-ISOPHORM-CHOC-2LB,54.90,0,3,,"1 medida (30,4 g)",110,25,,
dragon-pharma-iso-phorm,Iso Phorm,Dragon Pharma,"Proteína de suero aislada e hidrolizada, sin azúcar añadida según el fabricante. 25 g de proteína y 110 kcal por porción de 30,4 g.",SUPPLEMENT,Proteína aislada,Desarrollo Muscular|Recuperacion,Cookies & Cream,2,lb,DP-ISOPHORM-CYC-2LB,54.90,0,3,,"1 medida (30,4 g)",110,25,,
dragon-pharma-iso-phorm,Iso Phorm,Dragon Pharma,"Proteína de suero aislada e hidrolizada, sin azúcar añadida según el fabricante. 25 g de proteína y 110 kcal por porción de 30,4 g.",SUPPLEMENT,Proteína aislada,Desarrollo Muscular|Recuperacion,Hot Chocolate,5,lb,DP-ISOPHORM-CHOC-5LB,109.90,0,3,,"1 medida (30,4 g)",110,25,,
insane-labz-psychotic-gold,Psychotic Gold,Insane Labz,"Preentreno con 325 mg de cafeína por porción según el fabricante, beta-alanina y citrulina. Alto contenido de cafeína: no apto para menores de 18 años, embarazadas, en lactancia ni personas sensibles a estimulantes. No superes la dosis de la etiqueta.",SUPPLEMENT,Preentreno,Energia,Fruit Punch,35,porciones,IL-PSYGOLD-FP-35,44.90,0,3,,1 medida,,,,
insane-labz-psychotic-gold,Psychotic Gold,Insane Labz,"Preentreno con 325 mg de cafeína por porción según el fabricante, beta-alanina y citrulina. Alto contenido de cafeína: no apto para menores de 18 años, embarazadas, en lactancia ni personas sensibles a estimulantes. No superes la dosis de la etiqueta.",SUPPLEMENT,Preentreno,Energia,Grape,35,porciones,IL-PSYGOLD-GRAPE-35,44.90,0,3,,1 medida,,,,
insane-labz-psychotic-gold,Psychotic Gold,Insane Labz,"Preentreno con 325 mg de cafeína por porción según el fabricante, beta-alanina y citrulina. Alto contenido de cafeína: no apto para menores de 18 años, embarazadas, en lactancia ni personas sensibles a estimulantes. No superes la dosis de la etiqueta.",SUPPLEMENT,Preentreno,Energia,Gummy Candy,35,porciones,IL-PSYGOLD-GUMMY-35,44.90,0,3,,1 medida,,,,
insane-labz-psychotic,Psychotic,Insane Labz,"Preentreno de alta estimulación con beta-alanina, creatina y cerca de 400 mg de cafeína por medida de 6,8 g. Alto contenido de cafeína: no apto para menores de 18 años, embarazadas, en lactancia ni personas sensibles a estimulantes. No superes la dosis de la etiqueta.",SUPPLEMENT,Preentreno,Energia,Fruit Punch,35,porciones,IL-PSYCHOTIC-FP-35,42.90,0,3,,"1 medida (6,8 g)",,,,
insane-labz-psychotic,Psychotic,Insane Labz,"Preentreno de alta estimulación con beta-alanina, creatina y cerca de 400 mg de cafeína por medida de 6,8 g. Alto contenido de cafeína: no apto para menores de 18 años, embarazadas, en lactancia ni personas sensibles a estimulantes. No superes la dosis de la etiqueta.",SUPPLEMENT,Preentreno,Energia,Grape,35,porciones,IL-PSYCHOTIC-GRAPE-35,42.90,0,3,,"1 medida (6,8 g)",,,,
gold-standard-100-isolate,Gold Standard 100% Isolate,Gold Standard,"Proteína de suero 100 % aislada de Optimum Nutrition: 25 g de proteína, 1 g de carbohidratos y 0,5 g de grasa por porción de 31 g, según el fabricante.",SUPPLEMENT,Proteína aislada,Desarrollo Muscular|Recuperacion,Chocolate Bliss,3,lb,GS-ISO-CHOC-3LB,99.90,0,3,,1 medida (31 g),110,25,1,0.5
gold-standard-100-isolate,Gold Standard 100% Isolate,Gold Standard,"Proteína de suero 100 % aislada de Optimum Nutrition: 25 g de proteína, 1 g de carbohidratos y 0,5 g de grasa por porción de 31 g, según el fabricante.",SUPPLEMENT,Proteína aislada,Desarrollo Muscular|Recuperacion,Rich Vanilla,3,lb,GS-ISO-VAN-3LB,99.90,0,3,,1 medida (31 g),110,25,1,0.5
optimum-nutrition-micronized-creatine,Micronized Creatine Powder,Optimum Nutrition,"Creatina monohidratada micronizada sin sabor, 5 g por porción. Se mezcla con agua, jugo o tu batido de proteína.",SUPPLEMENT,Creatina,Desarrollo Muscular,Sin sabor,300,g,ON-CREATINE-300G,29.90,0,3,,1 cucharadita colmada (5 g),,,,
optimum-nutrition-micronized-creatine,Micronized Creatine Powder,Optimum Nutrition,"Creatina monohidratada micronizada sin sabor, 5 g por porción. Se mezcla con agua, jugo o tu batido de proteína.",SUPPLEMENT,Creatina,Desarrollo Muscular,Sin sabor,600,g,ON-CREATINE-600G,49.90,0,3,,1 cucharadita colmada (5 g),,,,
optimum-nutrition-serious-mass,Serious Mass,Optimum Nutrition,"Ganador de peso: 1.250 kcal, 50 g de proteína y 252 g de carbohidratos por porción de dos medidas colmadas (340 g), según el fabricante.",SUPPLEMENT,Ganador de peso,Desarrollo Muscular,Chocolate,6,lb,ON-SMASS-CHOC-6LB,69.90,0,3,,2 medidas colmadas (340 g),1250,50,252,
optimum-nutrition-serious-mass,Serious Mass,Optimum Nutrition,"Ganador de peso: 1.250 kcal, 50 g de proteína y 252 g de carbohidratos por porción de dos medidas colmadas (340 g), según el fabricante.",SUPPLEMENT,Ganador de peso,Desarrollo Muscular,Vanilla,6,lb,ON-SMASS-VAN-6LB,69.90,0,3,,2 medidas colmadas (340 g),1250,50,252,
optimum-nutrition-serious-mass,Serious Mass,Optimum Nutrition,"Ganador de peso: 1.250 kcal, 50 g de proteína y 252 g de carbohidratos por porción de dos medidas colmadas (340 g), según el fabricante.",SUPPLEMENT,Ganador de peso,Desarrollo Muscular,Chocolate,12,lb,ON-SMASS-CHOC-12LB,119.90,0,3,,2 medidas colmadas (340 g),1250,50,252,
dymatize-iso100,ISO100 Hydrolyzed,Dymatize,"Proteína de suero aislada e hidrolizada: 25 g de proteína y 120 kcal por porción de 32 g, según la etiqueta.",SUPPLEMENT,Proteína aislada,Recuperacion|Desarrollo Muscular,Gourmet Chocolate,1.6,lb,DYM-ISO100-CHOC-1.6LB,49.90,0,3,,1 medida (32 g),120,25,2,0.5
dymatize-iso100,ISO100 Hydrolyzed,Dymatize,"Proteína de suero aislada e hidrolizada: 25 g de proteína y 120 kcal por porción de 32 g, según la etiqueta.",SUPPLEMENT,Proteína aislada,Recuperacion|Desarrollo Muscular,Gourmet Chocolate,5,lb,DYM-ISO100-CHOC-5LB,119.90,0,3,,1 medida (32 g),120,25,2,0.5
dymatize-iso100,ISO100 Hydrolyzed,Dymatize,"Proteína de suero aislada e hidrolizada: 25 g de proteína y 120 kcal por porción de 32 g, según la etiqueta.",SUPPLEMENT,Proteína aislada,Recuperacion|Desarrollo Muscular,Fudge Brownie,5,lb,DYM-ISO100-FUDGE-5LB,119.90,0,3,,1 medida (32 g),120,25,2,0.5
dymatize-elite-100-whey,Elite 100% Whey,Dymatize,"Proteína de suero concentrada y aislada: 25 g de proteína y 140 kcal por porción de 36 g, según la etiqueta.",SUPPLEMENT,Proteína whey,Desarrollo Muscular,Rich Chocolate,2,lb,DYM-ELITE-CHOC-2LB,49.90,0,3,,1 medida (36 g),140,25,3,3
dymatize-elite-100-whey,Elite 100% Whey,Dymatize,"Proteína de suero concentrada y aislada: 25 g de proteína y 140 kcal por porción de 36 g, según la etiqueta.",SUPPLEMENT,Proteína whey,Desarrollo Muscular,Rich Chocolate,5,lb,DYM-ELITE-CHOC-5LB,89.90,0,3,,1 medida (36 g),140,25,3,3
muscletech-nitro-tech-whey-gold,Nitro-Tech 100% Whey Gold,MuscleTech,"Proteína de suero con péptidos y aislado: 24 g de proteína y 120 kcal por porción de 33 g, según la etiqueta.",SUPPLEMENT,Proteína whey,Desarrollo Muscular,Double Rich Chocolate,5.5,lb,MT-NITRO-CHOC-5.5LB,99.90,0,3,,1 medida (33 g),120,24,2,2
muscletech-nitro-tech-whey-gold,Nitro-Tech 100% Whey Gold,MuscleTech,"Proteína de suero con péptidos y aislado: 24 g de proteína y 120 kcal por porción de 33 g, según la etiqueta.",SUPPLEMENT,Proteína whey,Desarrollo Muscular,Double Rich Chocolate,8,lb,MT-NITRO-CHOC-8LB,139.90,0,3,,1 medida (33 g),120,24,2,2
muscletech-platinum-creatine,Platinum 100% Creatine,MuscleTech,"Creatina monohidratada micronizada sin sabor, 5 g por porción y 80 porciones por envase de 400 g.",SUPPLEMENT,Creatina,Desarrollo Muscular,Sin sabor,400,g,MT-PLATINUM-CREATINE-400G,32.90,0,3,,1 medida (5 g),,,,
nutrex-lipo-6-black-uc,Lipo-6 Black Ultra Concentrate,Nutrex,"Cápsulas termogénicas con 200 mg de cafeína por cápsula, sinefrina y yohimbina, según el fabricante. Alto contenido de cafeína: no apto para menores de 18 años, embarazadas, en lactancia ni personas sensibles a estimulantes. No superes la dosis de la etiqueta.",SUPPLEMENT,Termogénico,Perdida de grasa|Energia,Cápsulas,60,cápsulas,NUT-LIPO6-UC-60,39.50,0,3,,1 cápsula,,,,
nutrex-outlift,Outlift,Nutrex,"Preentreno con 8 g de citrulina malato, 3,2 g de beta-alanina, 3 g de creatina y 350 mg de cafeína por porción de 25,2 g. Alto contenido de cafeína: no apto para menores de 18 años, embarazadas, en lactancia ni personas sensibles a estimulantes. No superes la dosis de la etiqueta.",SUPPLEMENT,Preentreno,Energia,Fruit Punch,20,porciones,NUT-OUTLIFT-FP-20,44.90,0,3,,"1 medida (25,2 g)",,,,
nutrex-outlift,Outlift,Nutrex,"Preentreno con 8 g de citrulina malato, 3,2 g de beta-alanina, 3 g de creatina y 350 mg de cafeína por porción de 25,2 g. Alto contenido de cafeína: no apto para menores de 18 años, embarazadas, en lactancia ni personas sensibles a estimulantes. No superes la dosis de la etiqueta.",SUPPLEMENT,Preentreno,Energia,Miami Vice,20,porciones,NUT-OUTLIFT-MV-20,44.90,0,3,,"1 medida (25,2 g)",,,,
nutrex-outlift,Outlift,Nutrex,"Preentreno con 8 g de citrulina malato, 3,2 g de beta-alanina, 3 g de creatina y 350 mg de cafeína por porción de 25,2 g. Alto contenido de cafeína: no apto para menores de 18 años, embarazadas, en lactancia ni personas sensibles a estimulantes. No superes la dosis de la etiqueta.",SUPPLEMENT,Preentreno,Energia,Blueberry Lemonade,20,porciones,NUT-OUTLIFT-BL-20,44.90,0,3,,"1 medida (25,2 g)",,,,
evogen-evp-3d,EVP-3D,Evogen,"Preentreno sin cafeína ni estimulantes, con citrulina, beta-alanina y creatina. Una opción si entrenas de noche o evitas la cafeína.",SUPPLEMENT,Preentreno,Energia,Strawberry Lemonade,40,porciones,EVO-EVP3D-SL-40,44.50,0,3,,"1 medida (11,6 g)",,,,
evogen-evp-3d,EVP-3D,Evogen,"Preentreno sin cafeína ni estimulantes, con citrulina, beta-alanina y creatina. Una opción si entrenas de noche o evitas la cafeína.",SUPPLEMENT,Preentreno,Energia,Peach Mango,40,porciones,EVO-EVP3D-PM-40,44.50,0,3,,"1 medida (11,6 g)",,,,
evogen-isoject,IsoJect,Evogen,"Proteína de suero aislada con enzimas digestivas añadidas: 25 g de proteína y 110 kcal por porción de 32 g, según la etiqueta.",SUPPLEMENT,Proteína aislada,Recuperacion|Desarrollo Muscular,Chocolate,2,lb,EVO-ISOJECT-CHOC-2LB,64.90,0,3,,1 medida (32 g),110,25,2,0.5
evogen-isoject,IsoJect,Evogen,"Proteína de suero aislada con enzimas digestivas añadidas: 25 g de proteína y 110 kcal por porción de 32 g, según la etiqueta.",SUPPLEMENT,Proteína aislada,Recuperacion|Desarrollo Muscular,Oatmeal Cookie,2,lb,EVO-ISOJECT-OAT-2LB,64.90,0,3,,1 medida (32 g),110,25,2,0.5
kevin-levrone-anabolic-mass,Anabolic Mass,Kevin Levrone,"Ganador de peso: 392 kcal, 30 g de proteína y 60 g de carbohidratos por porción de 100 g (dos medidas), según el fabricante.",SUPPLEMENT,Ganador de peso,Desarrollo Muscular,Chocolate,3,kg,KL-ANABOLIC-CHOC-3KG,69.90,0,3,,2 medidas (100 g),392,30,60,3.5
kevin-levrone-levro-whey-supreme,Levro Whey Supreme,Kevin Levrone,Proteína de suero concentrada y aislada: 23 g de proteína y 120 kcal por porción de 30 g.,SUPPLEMENT,Proteína whey,Desarrollo Muscular,Chocolate,2,kg,KL-LEVRO-WHEY-CHOC-2KG,74.90,0,3,,1 medida (30 g),120,23,4,1
raw-nutrition-cbum-thavage,CBUM Thavage Pre-Workout,Raw Nutrition,"Preentreno de Chris Bumstead: la porción completa de dos medidas aporta 6 g de citrulina, 3,2 g de beta-alanina y 305 mg de cafeína. Alto contenido de cafeína: no apto para menores de 18 años, embarazadas, en lactancia ni personas sensibles a estimulantes. No superes la dosis de la etiqueta.",SUPPLEMENT,Preentreno,Energia,Peach Bum,40,medidas,RAW-THAVAGE-PEACH-40,44.90,0,3,,"2 medidas (26,3 g), porción completa",10,1,2,
raw-nutrition-cbum-thavage,CBUM Thavage Pre-Workout,Raw Nutrition,"Preentreno de Chris Bumstead: la porción completa de dos medidas aporta 6 g de citrulina, 3,2 g de beta-alanina y 305 mg de cafeína. Alto contenido de cafeína: no apto para menores de 18 años, embarazadas, en lactancia ni personas sensibles a estimulantes. No superes la dosis de la etiqueta.",SUPPLEMENT,Preentreno,Energia,Rocket Candy,40,medidas,RAW-THAVAGE-ROCKET-40,44.90,0,3,,"2 medidas (26,3 g), porción completa",10,1,2,
raw-nutrition-cbum-itholate,CBUM Itholate Protein,Raw Nutrition,Proteína de suero 100 % aislada de la línea CBUM: 25 g de proteína y 110 kcal por porción de 31 g.,SUPPLEMENT,Proteína aislada,Recuperacion|Desarrollo Muscular,Vanilla Oatmeal Cookie,25,porciones,RAW-ITHOLATE-VOC-25,59.90,0,3,,1 medida (31 g),110,25,2,0
raw-nutrition-cbum-itholate,CBUM Itholate Protein,Raw Nutrition,Proteína de suero 100 % aislada de la línea CBUM: 25 g de proteína y 110 kcal por porción de 31 g.,SUPPLEMENT,Proteína aislada,Recuperacion|Desarrollo Muscular,Cinnamon Crunch Cereal,25,porciones,RAW-ITHOLATE-CCC-25,59.90,0,3,,1 medida (31 g),110,25,2,0
